{
  "name": "burger",
  "version": "1.2.7",
  "homepage": "https://github.com/mblode/burger",
  "authors": [
    "mblode <m.blode@gmail.com>"
  ],
  "keywords": [
    "burger",
    "menu",
    "hamburger",
    "css",
    "jquery",
    "javascript",
    "navigation",
    "fullscreen"
  ],
  "main": [
    "dist/css/burger.min.css",
    "dist/css/burger.css",
    "dist/scripts/burger.min.js",
    "dist/index.html",
    "dist/scss/burger.scss"
  ],
  "license": "MIT",
  "ignore": [
    "**/.*",
    "node_modules",
    "bower_components",
    "test",
    "tests",
    "app",
    "gulpfile.js",
    "package.json"
  ],
  "_release": "1.2.7",
  "_resolution": {
    "type": "version",
    "tag": "v1.2.7",
    "commit": "e851583558385402f0665b3399ba47b22b5fef54"
  },
  "_source": "git://github.com/mblode/burger.git",
  "_target": "~1.2.7",
  "_originalSource": "burger",
  "_direct": true
}